{
  "feature_count": 28,
  "train_samples": 6538,
  "test_samples": 1635,
  "impact": {
    "name": "Impact Classifier",
    "accuracy": 0.7131498470948012,
    "balanced_accuracy": 0.6318377192982456,
    "macro_f1": 0.6175510867935577,
    "confusion_matrix": [
      [
        264,
        11,
        0,
        0
      ],
      [
        122,
        782,
        7,
        1
      ],
      [
        6,
        246,
        51,
        20
      ],
      [
        0,
        12,
        44,
        69
      ]
    ],
    "majority_baseline": 0.5577981651376147,
    "accuracy_reliable_subset": 0.7342047930283224
  },
  "duration_prolonged": {
    "name": "Prolonged-Duration Classifier (>60min)",
    "accuracy": 0.5403050108932462,
    "balanced_accuracy": 0.4907946514616126,
    "macro_f1": 0.4853412406140896,
    "confusion_matrix": [
      [
        199,
        84
      ],
      [
        127,
        49
      ]
    ],
    "majority_baseline": 0.616557734204793,
    "roc_auc": 0.4809367973016383,
    "pr_auc": 0.37802218293857487,
    "positive_rate": 0.38344226579520696,
    "cv_auc_in_distribution": 0.612765439483945,
    "note": "Duration is the hard/weak target: in-distribution AUC ~0.59, near-random out-of-time. Lean on AFT median + cascade risk."
  },
  "resolution": {
    "name": "AFT Resolution",
    "mae": 278.2764367308761,
    "medae": 59.98585405211588,
    "n": 457
  },
  "cascade": {
    "name": "Cascade Classifier",
    "accuracy": 0.908256880733945,
    "balanced_accuracy": 0.8517761308458982,
    "macro_f1": 0.7624154286112854,
    "confusion_matrix": [
      [
        1383,
        122
      ],
      [
        28,
        102
      ]
    ],
    "majority_baseline": 0.9204892966360856,
    "roc_auc": 0.9061104012266803,
    "pr_auc": 0.6376736119909969,
    "positive_rate": 0.07951070336391437,
    "brier_raw": 0.08584954589605331,
    "brier_calibrated": 0.0380580872297287
  }
}