{
  "feature_count": 28,
  "train_samples": 6538,
  "test_samples": 1635,
  "impact": {
    "name": "Impact Classifier",
    "accuracy": 0.7155963302752294,
    "balanced_accuracy": 0.6376119711042312,
    "macro_f1": 0.6233797818934965,
    "confusion_matrix": [
      [
        264,
        11,
        0,
        0
      ],
      [
        122,
        784,
        5,
        1
      ],
      [
        6,
        249,
        50,
        18
      ],
      [
        0,
        11,
        42,
        72
      ]
    ],
    "majority_baseline": 0.5577981651376147,
    "accuracy_reliable_subset": 0.7363834422657952
  },
  "duration_prolonged": {
    "name": "Prolonged-Duration Classifier (>60min)",
    "accuracy": 0.5337690631808278,
    "balanced_accuracy": 0.48979079665917125,
    "macro_f1": 0.4866952341137124,
    "confusion_matrix": [
      [
        192,
        91
      ],
      [
        123,
        53
      ]
    ],
    "majority_baseline": 0.616557734204793,
    "roc_auc": 0.47279553485383874,
    "pr_auc": 0.37303111967561997,
    "positive_rate": 0.38344226579520696,
    "cv_auc_in_distribution": 0.6088515732101352,
    "note": "Duration is the hard/weak target: in-distribution AUC ~0.59, near-random out-of-time. Lean on AFT median + cascade risk."
  },
  "resolution": {
    "name": "AFT Resolution",
    "mae": 251.59230664986268,
    "medae": 60.20102872626953,
    "n": 457
  },
  "cascade": {
    "name": "Cascade Classifier",
    "accuracy": 0.9076452599388379,
    "balanced_accuracy": 0.8444160490672119,
    "macro_f1": 0.759035262632385,
    "confusion_matrix": [
      [
        1384,
        121
      ],
      [
        30,
        100
      ]
    ],
    "majority_baseline": 0.9204892966360856,
    "roc_auc": 0.8984819831331459,
    "pr_auc": 0.6005741814106955,
    "positive_rate": 0.07951070336391437,
    "brier_raw": 0.07089899480342865,
    "brier_calibrated": 0.03657703846693039
  }
}